designs,synID,prediction,actual
mem_ctrl,108,0.07566014,-0.87014836
mem_ctrl,509,0.07672278,-0.6842494
mem_ctrl,91,0.07346153,-0.56985
mem_ctrl,695,0.07443145,-0.22951184
mem_ctrl,603,0.07821492,0.66852325
mem_ctrl,363,0.07838118,0.76576275
mem_ctrl,803,0.0752268,0.7714827
mem_ctrl,779,0.07815246,3.9517853
